Player,Player2,Times
UnRealDinnerbone,racham,2
UnRealDinnerbone,winwin098098,6
UnRealDinnerbone,TubeNinja,1
UnRealDinnerbone,MedievalHeat,3
UnRealDinnerbone,MagcSaucrer,1
UnRealDinnerbone,Blue_Sky_6,1
UnRealDinnerbone,Lucarrio,1
UnRealDinnerbone,Dashetoboba,3
UnRealDinnerbone,ElTioDodo,1
UnRealDinnerbone,ThisIsHab,1
UnRealDinnerbone,SquiddySquidHat,1
UnRealDinnerbone,Sharkbob94349,4
UnRealDinnerbone,user_myst,1
UnRealDinnerbone,Lucas_Speed,1
UnRealDinnerbone,Crazykelp,1
UnRealDinnerbone,Jqke_,2
UnRealDinnerbone,abeestungme,1
UnRealDinnerbone,Joshhua,2
UnRealDinnerbone,Gronyak,6
UnRealDinnerbone,Swight,1
UnRealDinnerbone,AtreZero,1
UnRealDinnerbone,TurtlayNinja,2
UnRealDinnerbone,diisu,3
UnRealDinnerbone,Alexandzr,1
UnRealDinnerbone,charanda,1
UnRealDinnerbone,C_money,1
UnRealDinnerbone,xLunZ_,1
UnRealDinnerbone,AngyCat,6
UnRealDinnerbone,COMICDOOD,1
UnRealDinnerbone,IridianIrene,1
UnRealDinnerbone,NM_ElvinHoe6767,1
UnRealDinnerbone,WitheredFlux,1
UnRealDinnerbone,StepBotherIstuck,1
UnRealDinnerbone,DISHWASHER1221,1
UnRealDinnerbone,AiroKun,1
UnRealDinnerbone,Eliazer,1
UnRealDinnerbone,L0WKEYLOKI,2
UnRealDinnerbone,NamesLost,1
UnRealDinnerbone,whatsGravity,1
UnRealDinnerbone,Hosthan,1
UnRealDinnerbone,elcoldi,1
UnRealDinnerbone,weblic,1
UnRealDinnerbone,Cooooldude,4
UnRealDinnerbone,ItzMapleGuy0317,1
UnRealDinnerbone,Karateca,1
UnRealDinnerbone,PointAnClick,1
UnRealDinnerbone,glizzyboy7,2
UnRealDinnerbone,Co1di,1
UnRealDinnerbone,stepswitch,1
UnRealDinnerbone,CUHZINCOMIC,1
UnRealDinnerbone,Kevin930617,1
UnRealDinnerbone,Argestic,1
UnRealDinnerbone,Hell0HD,2
UnRealDinnerbone,lBlzZl_King,1
UnRealDinnerbone,Aquacam,5
UnRealDinnerbone,Oclys,1
UnRealDinnerbone,BenjaLol,1
UnRealDinnerbone,gctwenty,2
UnRealDinnerbone,p1an,2
UnRealDinnerbone,PokeyFinn,1
UnRealDinnerbone,Cupols,1
UnRealDinnerbone,Stefan_Man,1
UnRealDinnerbone,ElReyTilin87,1
UnRealDinnerbone,ItsPotatoMan,1
UnRealDinnerbone,deer1u,1
UnRealDinnerbone,fruitlukes,1
UnRealDinnerbone,KTAproper,1
UnRealDinnerbone,pierroo6666,1
UnRealDinnerbone,dxkku,1
UnRealDinnerbone,EpicFH,1
UnRealDinnerbone,Juan_Clean,1
UnRealDinnerbone,HanBao_Ger,1
UnRealDinnerbone,deerlubambi,1
UnRealDinnerbone,_OSR__,1
UnRealDinnerbone,Connosaurus,1
UnRealDinnerbone,Scringus_,1
UnRealDinnerbone,HaiPasha,1
UnRealDinnerbone,Chugabunga,2
UnRealDinnerbone,CatControl,1
UnRealDinnerbone,MasterOfDaPvP,1
UnRealDinnerbone,MSI_FatPig,1
UnRealDinnerbone,hiyoumethod,3
UnRealDinnerbone,Logan_S_,2
UnRealDinnerbone,AtomicCrossbow,1
UnRealDinnerbone,King_Aiden,1
UnRealDinnerbone,SanchezSaysNO,1
UnRealDinnerbone,D3LTAGIRL,2
UnRealDinnerbone,DaniDeVit0,1
UnRealDinnerbone,Yelannn,1
UnRealDinnerbone,TheRealHagrid,2
UnRealDinnerbone,dolphinman_rl,1
UnRealDinnerbone,Hairybaby123,1
UnRealDinnerbone,Jattos,1
UnRealDinnerbone,01z_,1
UnRealDinnerbone,NeonPrime100,5
UnRealDinnerbone,Djmandude,1
UnRealDinnerbone,botburger,1
UnRealDinnerbone,ElGordoNoe,1
UnRealDinnerbone,Hosthan2,1
UnRealDinnerbone,AmSoDrunk,1
